question,answer,choices
What is the primary function of a catalyst in a chemical reaction?,2,"['Increases the yield of the reaction', 'Changes the equilibrium position', 'Lowers the activation energy of the reaction', 'Consumes reactant molecules']"
Which reagent is typically used in the bromination of alkenes?,2,"['Hydrochloric acid', 'Potassium permanganate', 'N-bromosuccinimide', 'Sodium chloride']"
What is the primary product of the nitration of benzene?,0,"['Nitrobenzene', 'Benzoic acid', 'Phenol', 'Aniline']"
Which compound is commonly used as a buffer solution in biochemistry labs?,2,"['Sodium chloride', 'Hydrochloric acid', 'Tris buffer', 'Acetic acid']"
What is the oxidation state of chromium in potassium dichromate (K2Cr2O7)?,1,"['+3', '+6', '+2', '+7']"
Which gas is primarily responsible for acid rain?,1,"['Carbon dioxide', 'Sulfur dioxide', 'Nitrogen', 'Oxygen']"
What method is most effective for separating a mixture of two different volatile liquids?,1,"['Filtration', 'Distillation', 'Sublimation', 'Decantation']"
What is the most common reducing agent in organic chemistry?,0,"['Lithium aluminum hydride', 'Sodium borohydride', 'Potassium permanganate', 'Sulfuric acid']"
What is the effect of increasing pressure on the equilibrium position of a gaseous reaction that produces more moles of gas?,0,"['Shifts to the left', 'Shifts to the right', 'No change', 'Pressure has no effect']"
Which technique is used to determine the molecular weight of polymers?,2,"['UV spectroscopy', 'NMR spectroscopy', 'Gel permeation chromatography', 'Infrared spectroscopy']"
What type of isomerism is exhibited by compounds having the same molecular formula but different connectivity of atoms?,1,"['Stereoisomerism', 'Structural isomerism', 'Conformational isomerism', 'Geometric isomerism']"
Which solvent is preferred for SN1 reactions due to its ability to stabilize carbocations?,0,"['Water', 'Hexane', 'Acetone', 'Ethanol']"
"In electrochemistry, what is the standard electrode potential primarily a measure of?",2,"['Electron affinity', 'Ionization energy', 'Ability of a half-cell to gain electrons', 'Conductivity of the solution']"
Which element is most commonly used as a dopant in silicon semiconductors to create n-type materials?,1,"['Boron', 'Phosphorus', 'Gallium', 'Arsenic']"
What property of a substance is primarily measured by a refractometer?,2,"['Viscosity', 'Density', 'Refractive index', 'Surface tension']"
What is formed when lithium reacts with water?,0,"['Lithium hydroxide and hydrogen', 'Lithium oxide and hydrogen', 'Lithium peroxide', 'Lithium and oxygen']"
Which method is commonly used to synthesize alkenes from alcohols?,2,"['Oxidation', 'Reduction', 'Dehydration', 'Hydrolysis']"
What is the principle behind the use of activated charcoal in water filtration systems?,1,"['Ion exchange', 'Adsorption', 'Filtration', 'Precipitation']"
"In the context of acid-base titration, what indicates the endpoint of the titration?",2,"['Change in temperature', 'Precipitate formation', 'Change in color', 'Gas evolution']"
What type of chemical bond is primarily responsible for the properties of water such as high boiling point and surface tension?,1,"['Ionic bond', 'Hydrogen bond', 'Covalent bond', 'Metallic bond']"
What type of reaction occurs when potassium reacts with water?,1,"['Combustion', 'Oxidation-reduction', 'Hydrolysis', 'Dehydration']"
Which molecule is an example of a primary alcohol?,0,"['Ethanol', 'Isopropanol', 'Tert-butanol', 'Phenol']"
What is the function of a ligand in a coordination compound?,0,"['To donate electrons to the metal center', 'To increase the solubility of the metal', 'To act as a catalyst', 'To reduce the oxidation state of the metal']"
What is the characteristic feature of a buffer solution?,1,"['It changes pH on dilution', 'It maintains a constant pH upon addition of small amounts of acid or base', 'It has high conductivity', 'It reacts with excess reagents']"
Which analytical technique is used to separate ions based on their mass-to-charge ratio?,0,"['Mass spectrometry', 'Infrared spectroscopy', 'UV-Vis spectroscopy', 'Nuclear magnetic resonance']"
What results from the complete combustion of a hydrocarbon?,2,"['Carbon and water', 'Carbon monoxide and hydrogen', 'Carbon dioxide and water', 'Hydrogen and oxygen']"
Which compound is commonly used in organic chemistry as a drying agent?,0,"['Sodium sulfate', 'Calcium chloride', 'Sulfuric acid', 'Sodium bicarbonate']"
What phenomenon explains the bending of light as it passes from air into water?,1,"['Reflection', 'Refraction', 'Diffraction', 'Dispersion']"
In which type of crystal are the constituent particles points of lattice that are occupied by cations and anions held together by ionic bonds?,3,"['Metallic crystal', 'Covalent crystal', 'Molecular crystal', 'Ionic crystal']"
What is the primary product in the reaction of benzene with methyl chloride in the presence of AlCl3?,0,"['Toluene', 'Chlorobenzene', 'Benzyl chloride', 'Anisole']"
Which gas is commonly used in the Haber process to synthesize ammonia?,0,"['Hydrogen', 'Oxygen', 'Nitrogen', 'Carbon dioxide']"
What is the main purpose of using a catalyst in the hydrogenation of alkenes?,0,"['To speed up the reaction', 'To increase the reaction temperature', 'To produce more byproducts', 'To consume hydrogen gas']"
Which type of chemical reaction involves the exchange of ions between two reactants to form new products?,3,"['Combustion', 'Synthesis', 'Decomposition', 'Double displacement']"
What is the name of the process used to increase the concentration of ore?,2,"['Smelting', 'Leaching', 'Beneficiation', 'Roasting']"
Which instrument is used to measure the concentration of an aqueous solution through its optical properties?,1,"['Calorimeter', 'Spectrophotometer', 'pH meter', 'Voltmeter']"
What is commonly observed when a solution of lead(II) nitrate is mixed with potassium iodide solution?,0,"['A precipitate of lead(II) iodide forms', 'The solution turns blue', 'Gas is evolved', 'The temperature decreases']"
What property of metals allows them to be drawn into wires?,0,"['Ductility', 'Malleability', 'Brittleness', 'Hardness']"
Which compound is an example of an aromatic hydrocarbon?,1,"['Methane', 'Benzene', 'Ethanol', 'Ammonia']"
"In the context of Le Chatelier's principle, what effect does an increase in pressure have on a reaction mixture involving gases where the number of moles of reactants and products are equal?",2,"['Shifts the equilibrium to the right', 'Shifts the equilibrium to the left', 'No effect on the equilibrium', 'Increases the reaction rate only']"
Which element is a liquid at room temperature and is used in thermometers?,0,"['Mercury', 'Lead', 'Iron', 'Sodium']"
What is the major product formed when ethene reacts with water in the presence of an acid catalyst?,0,"['Ethanol', 'Propanol', 'Methanol', 'Butanol']"
Which type of radiation is commonly used in the study of molecular vibrations in infrared spectroscopy?,3,"['Ultraviolet radiation', 'X-rays', 'Microwaves', 'Infrared radiation']"
What is the role of zinc in the galvanic cell?,1,"['Cathode', 'Anode', 'Electrolyte', 'Salt bridge']"
What is the primary hazard associated with nitroglycerin?,2,"['Radioactivity', 'Corrosivity', 'Explosiveness', 'Toxicity']"
Which phase of matter has a definite volume but no definite shape?,1,"['Solid', 'Liquid', 'Gas', 'Plasma']"
What type of bonding is found in a sodium chloride crystal structure?,3,"['Metallic bonding', 'Covalent bonding', 'Hydrogen bonding', 'Ionic bonding']"
What compound is used to test for the presence of water in a sample?,0,"['Cobalt(II) chloride', 'Bromothymol blue', 'Phenolphthalein', 'Lithium chloride']"
Which element is typically used in the filament of incandescent light bulbs due to its high melting point?,1,"['Iron', 'Tungsten', 'Aluminum', 'Copper']"
What is the primary industrial process for converting nitrogen from the air into ammonia?,2,"['Contact process', 'Ostwald process', 'Haber-Bosch process', 'Solvay process']"
What is the typical sign of a chemical change?,3,"['Change in state', 'Change in temperature', 'Formation of a precipitate', 'All of the above']"
What property of a chemical compound determines its boiling point?,0,"['Molecular size', 'Phase at room temperature', 'Color', 'Odor']"
Which technique is best suited for the separation of non-volatile compounds?,2,"['Distillation', 'Filtration', 'Chromatography', 'Sublimation']"
What is the effect of a catalyst on the equilibrium constant of a reaction?,2,"['Increases the equilibrium constant', 'Decreases the equilibrium constant', 'No effect on the equilibrium constant', 'Temporarily increases the equilibrium constant']"
What is produced when a carboxylic acid reacts with an alcohol in the presence of an acid catalyst?,0,"['Ester and water', 'Ether and water', 'Ketone and hydrogen', 'Aldehyde and oxygen']"
Which gas is produced as a byproduct during the electrolysis of brine (sodium chloride solution)?,0,"['Chlorine', 'Oxygen', 'Hydrogen', 'Nitrogen']"
What is the primary use of a condenser in a distillation setup?,2,"['To separate the components based on boiling point', 'To vaporize the liquid', 'To cool and condense the vapor back into liquid', 'To increase the pressure inside the apparatus']"
Which of the following elements is a halogen?,2,"['Oxygen', 'Carbon', 'Iodine', 'Sulfur']"
What chemical process is primarily used to produce soap from fats and oils?,2,"['Fermentation', 'Esterification', 'Saponification', 'Polymerization']"
"In organic chemistry, what is the general formula for an alkane?",0,"['CnH2n+2', 'CnH2n', 'CnHn', 'CnH2n-2']"
What is the typical laboratory method for measuring the concentration of hydrogen ion in a solution?,1,"['Titration', 'pH meter', 'Spectrophotometry', 'Chromatography']"
What is the major product when benzene reacts with methyl chloride in the presence of AlCl3?,0,"['Toluene', 'Chlorobenzene', 'Benzyl chloride', 'Anisole']"
What type of compound results from the reaction between an acid and an alcohol?,0,"['Ester', 'Ketone', 'Ether', 'Alkene']"
Which chemical test can be used to distinguish between aldehydes and ketones?,0,"[""Tollen's test"", ""Benedict's test"", 'Iodine test', 'Biuret test']"
What is the characteristic flame color of sodium in a flame test?,2,"['Red', 'Blue', 'Yellow', 'Green']"
"In the context of acid-base chemistry, what is a Lewis acid?",3,"['A proton donor', 'A proton acceptor', 'An electron pair donor', 'An electron pair acceptor']"
What technique is commonly used to purify a solid by removing impurities?,2,"['Sublimation', 'Distillation', 'Recrystallization', 'Filtration']"
What is the common name for the compound NaHCO3?,0,"['Sodium bicarbonate', 'Sodium carbonate', 'Sodium chloride', 'Sodium hydroxide']"
Which element is most electronegative according to the Pauling scale?,2,"['Hydrogen', 'Oxygen', 'Fluorine', 'Chlorine']"
What occurs during the saponification process?,1,"['Fats react with salts to form soap', 'Fats react with bases to form soap and glycerol', 'Fats are hydrolyzed to form fatty acids', 'Fats are esterified with glycerol']"
What is the oxidation state of iron in the compound Fe2O3?,1,"['+2', '+3', '+1', '+4']"
What type of reaction is primarily used to produce ethylene from ethyl alcohol?,1,"['Hydration', 'Dehydration', 'Hydrogenation', 'Oxidation']"
Which compound acts as a strong oxidizing agent in organic synthesis?,1,"['Sodium borohydride', 'Potassium permanganate', 'Sodium chloride', 'Hydrochloric acid']"
"In a redox reaction, what does the reducing agent do?",1,"['Gains electrons', 'Loses electrons', 'Provides a medium', 'Acts as a catalyst']"
What is the main purpose of reflux in organic synthesis?,1,"['To increase reaction temperature', 'To condense the vapor back into liquid without losing any material', 'To purify the product', 'To decrease reaction time']"
Which element is used in the vulcanization of rubber?,0,"['Sulfur', 'Phosphorus', 'Chlorine', 'Bromine']"
What property of sulfuric acid makes it a good dehydrating agent?,2,"['Its volatility', 'Its acidity', 'Its ability to absorb water', 'Its oxidative properties']"
Which method is used for separating mixtures based on differences in boiling points?,1,"['Filtration', 'Distillation', 'Chromatography', 'Centrifugation']"
"What does the term ""enantiomer"" refer to in chemistry?",0,"['Isomers that are mirror images of each other', 'Isomers with different functional groups', 'Compounds with the same molecular formula but different structures', 'Compounds that rotate plane-polarized light in the same direction']"
Which process describes the conversion of ammonia to nitric acid?,2,"['Haber process', 'Contact process', 'Ostwald process', 'Leblanc process']"
What is the role of the anode in an electrochemical cell?,1,"['It gains electrons', 'It loses electrons', 'It is where reduction occurs', 'It serves as the salt bridge']"
What is the main product when acetic acid is treated with ethanol in the presence of sulfuric acid?,0,"['Ethyl acetate', 'Acetyl chloride', 'Butyric acid', 'Methyl ethanoate']"
Which technique is best for determining the molecular structure of complex organic molecules?,2,"['Mass spectrometry', 'Infrared spectroscopy', 'Nuclear magnetic resonance spectroscopy', 'Ultraviolet-visible spectroscopy']"
What type of bond formation involves the sharing of electron pairs between atoms?,1,"['Ionic bonding', 'Covalent bonding', 'Metallic bonding', 'Hydrogen bonding']"
"In the periodic table, which group contains the noble gases?",3,"['Group 1', 'Group 2', 'Group 17', 'Group 18']"
What is the typical product when chlorine gas reacts with hot sodium hydroxide solution?,0,"['Sodium hypochlorite', 'Sodium chloride', 'Sodium chlorate', 'Sodium perchlorate']"
Which of the following is a characteristic property of bases?,1,"['Sour taste', 'Turns red litmus paper blue', 'Reacts with metals to produce hydrogen gas', 'Corrosive to metals']"
What is the process called where solid changes directly into gas without passing through the liquid phase?,0,"['Sublimation', 'Deposition', 'Condensation', 'Evaporation']"
What is the primary industrial source of hydrogen gas?,1,"['Electrolysis of water', 'Natural gas reforming', 'Combustion of hydrocarbons', 'Photolysis of water']"
What type of reaction involves the breaking of a bond in a molecule using water?,1,"['Hydration', 'Hydrolysis', 'Hydrogenation', 'Dehydration']"
Which substance is used as a primary standard in volumetric analysis due to its high purity and stability?,3,"['Sodium hydroxide', 'Hydrochloric acid', 'Potassium permanganate', 'Sodium carbonate']"
What happens to the solubility of gases in water as the temperature increases?,1,"['Increases', 'Decreases', 'Remains constant', 'Varies depending on the gas']"
Which chemical is commonly used to demonstrate the decomposition reaction in laboratory experiments?,2,"['Hydrogen peroxide', 'Sodium bicarbonate', 'Potassium chlorate', 'Magnesium oxide']"
What is the primary function of a buffer solution?,2,"['To speed up reactions', 'To cool down reactions', 'To maintain a stable pH', 'To change the color of the solution']"
What is formed when benzene is treated with oleum at high temperatures?,2,"['Nitrobenzene', 'Sulfuric acid', 'Benzenesulfonic acid', 'Benzene hexachloride']"
Which technique is used to measure the particle size of colloids?,2,"['Chromatography', 'Electrophoresis', 'Dynamic light scattering', 'Mass spectrometry']"
What is the electron configuration of an atom that is most stable?,3,"['Half-filled orbitals', 'Fully filled orbitals', 'Empty orbitals', 'Noble gas configuration']"
In what type of reaction do two molecules combine to form a larger molecule with the elimination of a small molecule like water?,1,"['Addition reaction', 'Condensation reaction', 'Substitution reaction', 'Elimination reaction']"
Which element is extracted from the ore bauxite?,2,"['Iron', 'Copper', 'Aluminum', 'Silver']"
What color flame does potassium produce in a flame test?,0,"['Lilac', 'Green', 'Orange', 'Blue']"
"What type of isomerism involves compounds with the same molecular formula but different arrangements of atoms in space, resulting in different physical and chemical properties?",3,"['Geometric isomerism', 'Chain isomerism', 'Position isomerism', 'Optical isomerism']"
